Id;Title;Body;Created At;Updated At
1;Заголовок 1;"Текст текст текст
тттттттттттттттт";2023-04-30 15:04:47.450971;2023-04-29 22:31:31.866949
2;WWWWWW;"11111111111111
22222222222222
33333333333333";2023-04-29 15:05:01.820818;2023-04-29 22:32:34.633163
4;Zametka 4;"text on 1 str
text oon 2 str
texxxxt on 3 str";2023-04-29 20:22:15.167355;2023-04-29 20:22:15.167355
5;Zametka 5;finally!;2023-04-29 21:35:31.511502;2023-04-29 21:35:31.511502
6;666666666;"КОДИРОВКА
КОООДДДДД";2023-04-29 22:21:01.392662;2023-04-29 22:33:28.220850
